testset,accuracy,avg precision
adm_imagenet,85.02041156377572,97.91150312767378
biggan_imagenet,97.3,99.86847520358772
glide_imagenet,94.89999999999999,99.5273376276721
midjourney_imagenet,83.30833333333332,99.04138602904739
sdv4_imagenet,99.41666666666666,99.97586646433321
sdv5_imagenet,99.3,99.97401940262036
vqdm_imagenet,89.56666666666668,99.136174209565
wukong_imagenet,98.25833333333334,99.92503414007811
mean,93.38380144547196,99.4199745255722
