testset,accuracy,avg precision
Chameleon,57.23888910229324,44.21870351437
mean,57.23888910229324,44.21870351437
