testset,accuracy,avg precision
Chameleon,58.771559174893405,43.36970474024666
mean,58.771559174893405,43.36970474024666
