testset,accuracy,avg precision
Chameleon,59.14032189912803,47.358429332132374
mean,59.14032189912803,47.358429332132374
