testset,accuracy,avg precision
Chameleon,57.634540775169974,41.13616405713602
mean,57.634540775169974,41.13616405713602
